ID,path,Desc,Label
101654506,Animals/101654506.jpg,The white and brown dog is running over the surface of the snow . a white and brown dog is running through a snow covered field . A brown and white dog is running through the snow . A dog running through snow . A dog is running in the snow,Animal
1001773457,Animals/1001773457.jpg,A black dog and a white dog with brown spots are staring at each other in the street . A black dog and a tri-colored dog playing with each other on the road . Two dogs of different breeds looking at each other on the road . Two dogs on pavement moving toward each other. A black dog and a spotted dog are fighting,Animal
1003163366,Animals/1003163366.jpg,a man sleeping on a bench outside with a white and black dog sitting next to him .A man lays on the bench to which a white dog is also tied . man laying on bench holding leash of dog sitting on ground. A shirtless man lies on a park bench with his dog . A man lays on a bench while his dog sits by him .,Animal
1009434119,Animals/1009434119.jpg,1009434119.jpg| 0| A black and white dog is running in a grassy garden surrounded by a white fence .1009434119.jpg| 1| A Boston Terrier is running on lush green grass in front of a white fence . 1009434119.jpg| 2| A black and white dog is running through the grass . 1009434119.jpg| 3| A dog runs on the green grass near a wooden fence . 1009434119.jpg| 4| A Boston terrier is running in the grass .,Animal
1012212859,Animals/1012212859.jpg,1012212859.jpg| 0| White dog with brown ears standing near water with head turned to one side . 1012212859.jpg| 1| Dog with orange ball at feet 1012212859.jpg| 2| A white dog shakes on the edge of a beach with an orange ball . 1012212859.jpg| 3| White dog playing with a red ball on the shore near the water . 1012212859.jpg| 4| A dog shakes its head near the shore,Animal
1015584366,Animals/1015584366.jpg,1015584366.jpg| 0| A mottled black and gray dog in a blue collar jumping over a fallen tree .1015584366.jpg| 1| A gray dog is leaping over a fallen tree . 1015584366.jpg| 2| A large black dog leaps a fallen log . 1015584366.jpg| 3| The black dog jumped the tree stump .1015584366.jpg| 4| A black dog leaps over a log .,Animal
1019077836,Animals/1019077836.jpg,1019077836.jpg| 0| Large brown dog running away from the sprinkler in the grass . 1019077836.jpg| 1| A brown dog chases the water from a sprinkler on a lawn . 1019077836.jpg| 2| A brown dog running on a lawn near a garden hose 1019077836.jpg| 3| a brown dog plays with the hose .1019077836.jpg| 4| A dog is playing with a hose .,Animal
1019604187,Animals/1019604187.jpg,1019604187.jpg| 0| A dog prepares to catch a thrown object in a field with nearby cars .1019604187.jpg| 1| A white dog is ready to catch a yellow ball flying through the air . 1019604187.jpg| 2| A white dog is about to catch a yellow ball in its mouth . 1019604187.jpg| 3| A white dog is about to catch a yellow dog toy . 1019604187.jpg| 4| A white dog running after a yellow ball,Animal
1020651753,Animals/1020651753.jpg,1020651753.jpg| 0| A white dog is trying to catch a ball in midair over a grassy field . 1020651753.jpg| 1| The white dog is playing in a green field with a yellow toy . 1020651753.jpg| 2| a black and white dog jumping in the air to get a toy . 1020651753.jpg| 3| A black and white dog jumps up towards a yellow toy . 1020651753.jpg| 4| A dog leaps to catch a ball in a field .,Animal
1022975728,Animals/1022975728.jpg,1022975728.jpg| 0| A black lab with tags frolicks in the water .1022975728.jpg| 1| This is a black dog splashing in the water . 1022975728.jpg| 2| The black dog runs through the water . 1022975728.jpg| 3| A black dog running in the surf . 1022975728.jpg| 4| A dog splashes in the water,Animal
1024138940,Animals/1024138940.jpg,1024138940.jpg| 0| Two different breeds of brown and white dogs play on the beach .1024138940.jpg| 1| Two dogs are making a turn on a soft sand beach . 1024138940.jpg| 2| Two large tan dogs play along a sandy beach . 1024138940.jpg| 3| Two dogs playing in the sand at the beach . 1024138940.jpg| 4| Two dogs playing together on a beach .,Animal
1026685415,Animals/1026685415.jpg,1026685415.jpg| 0| A black dog carries a green toy in his mouth as he walks through the grass .1026685415.jpg| 1| A wet black dog is carrying a green toy through the grass . 1026685415.jpg| 2| A black dog carrying something through the grass . 1026685415.jpg| 3| A dog in grass with a blue item in his mouth . 1026685415.jpg| 4| A black dog has a blue toy in its mouth .,Animal
101958970,Kids/101958970.jpg,101958970.jpg| 0| A man and a little girl happily posing in front of their cart in a supermarket .101958970.jpg| 1| A man sitting with his daughter in his daughter 's pink car in a grocery store . 101958970.jpg| 2| A man is sitting on a pink cart with a little girl in the grocery store . 101958970.jpg| 3| A man with his daughter sitting on a stroller in a supermarket .101958970.jpg| 4| The little girl and the man are smiling .,Kids
102851549,Kids/102851549.jpg,102851549.jpg| 0| A little boy looks at the camera while a woman behind him seems to be laughing very hard and the woman on the right has a big smile on her face .102851549.jpg| 1| Three people on a porch 102851549.jpg| 2| A woman in a dark dress smiles while a woman across from her and a child sit in chairs . 102851549.jpg| 3| Two people are sitting on a bench 102851549.jpg| 4| Two women,Kids
1000268201,Kids/1000268201.jpg,1000268201.jpg| 0| A child in a pink dress is climbing up a set of stairs in an entry way .1000268201.jpg| 1| A little girl in a pink dress going into a wooden1000268201.jpg| 4| A girl going into a wooden building . Cabin .1000268201.jpg| 3| A little girl climbing into a wooden playhouse 1000268201.jpg| 2| A little girl climbing the stairs to her playhouse .,Kids
1002674143,Kids/1002674143.jpg,"1002674143.jpg| 0| A small girl in the grass plays with fingerpaints in front of a white canvas with a rainbow on it . 1002674143.jpg| 1| A little girl covered in paint sits in front of a painted rainbow with her hands in a bowl .1002674143.jpg| 2| There is a girl with pigtails sitting in front of a rainbow painting 1002674143.jpg| 3| A little girl is sitting in front of a large painted rainbow .1002674143.jpg| 4| Young girl with pigtails painting outside in the grass .
",Kids
1006452823,Kids/1006452823.jpg,"1006452823.jpg| 0| two children , a girl and a boy are practicing their writing .1006452823.jpg| 1| Two children sit on a small seesaw in the sand .1006452823.jpg| 2| Two children sitting on a teeter totter .1006452823.jpg| 3| 2 kids playing on a seesaw 1006452823.jpg| 4| Two kids sit on a seesaw .",Kids
1007320043,Kids/1007320043.jpg,1007320043.jpg| 0| A small child grips onto the red ropes at the playground .1007320043.jpg| 1| A little girl in pink climbs a rope bridge at the park .1007320043.jpg| 2| The small child climbs on a red ropes on a playground .1007320043.jpg| 3| A little girl climbing on red roping .1007320043.jpg| 4| A child playing on a rope net .,Kids
1010673430,Kids/1010673430.jpg,1010673430.jpg| 0| A little girl in a pink shirt and a little girl in an orange shirt sitting in the grass .1010673430.jpg| 1| Two young children eating a snack and playing in the grass .1010673430.jpg| 2| Two young toddlers outside on the grass .1010673430.jpg| 3| Two infants are at play in the yard .1010673430.jpg| 4| 2 female babies eating chips .,Kids
1012150929,Kids/1012150929.jpg,"1012150929.jpg| 0| A little boy plays with a Nintendo GameCube controller inside a McDonald 's .
1012150929.jpg| 1| A young boy plays a video game in a McDonald 's restaurant .
1012150929.jpg| 2| A young boy plays with a GameCube kiosk at McDonald 's .
1012150929.jpg| 3| A little boy playing GameCube at a McDonald 's .
1012150929.jpg| 4| A little kid playing GameCube at McDonald 's .",Kids
1014609273,Kids/1014609273.jpg,"1014609273.jpg| 0| People on two balconies and a man climbing up a pipe towards the lower balcony getting liquid poured on him .
1014609273.jpg| 1| A kid in a red sweatshirt is reaching to hand something to a man in a white shirt
1014609273.jpg| 2| A young boy empties a bottle over the railing of a balcony unto the man below .
1014609273.jpg| 3| a boy in a red jacket pouring water on a man in a white shirt
1014609273.jpg| 4| A young man pouring the contents of a bottle .",Kids
1014785440,Kids/1014785440.jpg,"1014785440.jpg| 0| Two men are carrying children on their backs down the street on a sunny day in a nice neighborhood .
1014785440.jpg| 1| Two men , each with a small child on their backs , walk on a paved road .
1014785440.jpg| 2| Two men are out for a stroll with their two young children .
1014785440.jpg| 3| Men walking down a street with children .
1014785440.jpg| 4| Two men walking with children .",Kids
1015118661,Kids/1015118661.jpg,"1015118661.jpg| 0| Smiling boy in white shirt and blue jeans in front of rock wall with man in overalls behind him .
1015118661.jpg| 1| A little boy is standing on the street while a man in overalls is working on a stone wall .
1015118661.jpg| 2| A young child is walking on a stone paved street with a metal pole and a man behind him .
1015118661.jpg| 3| A boy smiles in front of a stony wall in a city .
1015118661.jpg| 4| A young boy runs aross the street .",Kids
1018057225,Kids/1018057225.jpg,"1018057225.jpg| 0| a boy in a black t-shirt and blue jeans is pushing a toy three wheeler around a small pool .
1018057225.jpg| 1| A young boy is pushing a toy ATV around a rubber pool
1018057225.jpg| 2| a boy pushing a red toy atv next to a pool
1018057225.jpg| 3| A boy pushing a miniature car on a lawn .
1018057225.jpg| 4| A young boy pushing his toy quad .",Kids
1022454332,Kids/1022454332.jpg,"1022454332.jpg| 0| a large lake with a lone duck swimming in it with several people around the edge of it .
1022454332.jpg| 1| A young boy waves his hand at the duck in the water surrounded by a green park .
1022454332.jpg| 2| Two people are at the edge of a lake , facing the water and the city skyline .
1022454332.jpg| 3| A child and a woman are at waters edge in a big city .
1022454332.jpg| 4| A little boy at a lake watching a duck .",Kids
1022454428,Kids/1022454428.jpg,"1022454428.jpg| 0| A couple and an infant , being held by the male , sitting next to a pond with a nearby stroller .
1022454428.jpg| 1| A man and woman care for an infant along the side of a body of water .
1022454428.jpg| 2| A couple with their newborn baby sitting under a tree facing a lake .
1022454428.jpg| 3| Couple with a baby sit outdoors next to their stroller .
1022454428.jpg| 4| A couple sit on the grass with a baby and stroller .",Kids
1029737941,Kids/1029737941.jpg,"1029737941.jpg| 0| Boy in brown shirt with headphones on sits on woman 's shoulders in a crowd .
1029737941.jpg| 1| A kid wearing headphones sits on his mom 's shoulders while in a crowd .
1029737941.jpg| 2| A boy with headphones on sitting on top of a woman 's shoulders .
1029737941.jpg| 3| A child with headphones riding on his mother 's shoulders .
1029737941.jpg| 4| A boy wearing headphones sits on a woman 's shoulders .",Kids
10287332,Multiple/10287332.jpg,"10287332.jpg| 0| Two men sitting on the roof of a house while another one stands on a ladder .
10287332.jpg| 1| Two men on a rooftop while another man stands atop a ladder watching them
10287332.jpg| 2| Three men , one on a ladder , work on a roof .
10287332.jpg| 3| People are fixing the roof of a house .
10287332.jpg| 4| Three men are working on a roof .",Multiple
100197432,Multiple/100197432.jpg,"100197432.jpg| 0| Some women are standing in front of a bus with buildings behind it .
100197432.jpg| 1| Several women stand on a city street with tall buildings .
100197432.jpg| 2| A group of women are standing in front of a bus .
100197432.jpg| 3| Several women wait outside in a city .
100197432.jpg| 4| Women are standing outside",Multiple
100845130,Multiple/100845130.jpg,"100845130.jpg| 0| Five people walking with a multicolored sky in the background .
100845130.jpg| 1| Four people walking through the sunset in clear blue skies .
100845130.jpg| 2| Four people walking with the sun setting behind them .
100845130.jpg| 3| Four silhouettes decorate the horizon 's sunset .
100845130.jpg| 4| A group of people walking as the sun sets .",Multiple
101262930,Multiple/101262930.jpg,"101262930.jpg| 0| Two asian or spanish people , a woman and a man , sitting together in front of a glass window as cars pass .
101262930.jpg| 1| A man in sunglasses puts his arm around a woman in a black and white blouse .
101262930.jpg| 2| A man in sunglasses puts his arm around a woman .
101262930.jpg| 3| A man and woman pose in front of some traffic .
101262930.jpg| 4| An Asian couple sitting on the bench .",Multiple
101559400,Multiple/101559400.jpg,"101559400.jpg| 0| Men in the business suits are crossing the street , and there are people with placards are gathering on the street .
101559400.jpg| 1| A man in a suit runs across an intersection while a large group of people assembles .
101559400.jpg| 2| A man in a suit is running past two other gentleman , also dressed in a suit .
101559400.jpg| 3| A man in a suit is hurrying across the street .
101559400.jpg| 4| A man in a suit is running across the street .",Multiple
102268204,Multiple/102268204.jpg,"102268204.jpg| 0| Three men are standing at night near a black car near a shelter filled with bicycles .
102268204.jpg| 1| Some men standing in front of a building next to a parked car .
102268204.jpg| 2| There are a lot of bikes parked under the curved roof tonight .
102268204.jpg| 3| police questioning the driver of a black wagon at nighttime .
102268204.jpg| 4| Men under a dome beside a black station wagon .",Multiple
102575576,Multiple/102575576.jpg,"102575576.jpg| 0| A couple in their wedding attire stand behind a table with a wedding cake and flowers .
102575576.jpg| 1| A bride and groom are standing in front of their wedding cake at their reception .
102575576.jpg| 2| A bride and groom smile as they view their wedding cake at the reception .
102575576.jpg| 3| A couple stands behind their wedding cake .
102575576.jpg| 4| Man and woman cutting wedding cake .",Multiple
1000092795,Multiple/1000092795.jpg,"1000092795.jpg| 0| Two young guys with shaggy hair look at their hands while hanging out in the yard .
1000092795.jpg| 1| Two young , White males are outside near many bushes .
1000092795.jpg| 2| Two men in green shirts are standing in a yard .
1000092795.jpg| 3| A man in a blue shirt standing in a garden .
1000092795.jpg| 4| Two friends enjoy time spent together .",Multiple
1000366164,Multiple/1000366164.jpg,"1000366164.jpg| 0| Two men , one in a gray shirt , one in a black shirt , standing near a stove .
1000366164.jpg| 1| Two guy cooking and joking around with the camera .
1000366164.jpg| 2| Two men in a kitchen cooking food on a stove .
1000366164.jpg| 3| Two men are at the stove preparing food .
1000366164.jpg| 4| Two men are cooking a meal .",Multiple
1000523639,Multiple/1000523639.jpg,"1000523639.jpg| 0| Two people in the photo are playing the guitar and the other is poking at him .
1000523639.jpg| 1| A man in green holds a guitar while the other man observes his shirt .
1000523639.jpg| 2| A man is fixing the guitar players costume .
1000523639.jpg| 3| a guy stitching up another man 's coat .
1000523639.jpg| 4| the two boys playing guitar",Multiple
1001465944,Multiple/1001465944.jpg,"1001465944.jpg| 0| An asian man wearing a black suit stands near a dark-haired woman and a brown-haired woman .
1001465944.jpg| 1| Three people are standing outside near large pipes and a metal railing .
1001465944.jpg| 2| A young woman walks past two young people dressed in hip black outfits .
1001465944.jpg| 3| A woman with a large purse is walking by a gate .
1001465944.jpg| 4| Several people standing outside a building .",Multiple
1001633352,Multiple/1001633352.jpg,"1001633352.jpg| 0| Three young men and a young woman wearing sneakers are leaping in midair at the top of a flight of concrete stairs .
1001633352.jpg| 1| Four casually dressed guys jumping down a stairway outdoors with a stone wall behind them .
1001633352.jpg| 2| Four guys three wearing hats one not are jumping at the top of a staircase .
1001633352.jpg| 3| Four men with excited faces are jumping down from the top of stairs .
1001633352.jpg| 4| Four people are jumping from the top of a flight of stairs .",Multiple
1003420127,Multiple/1003420127.jpg,"1003420127.jpg| 0| A group of adults , inside a home , sitting on chairs arranged in a circle , playing a type of musical instruments .
1003420127.jpg| 1| Five musicians , a man and four women , practicing sheet music (using flutes ) in a living room .
1003420127.jpg| 2| People gathered in a circle , some holding musical instruments .
1003420127.jpg| 3| People gathered in a room to talk about their favorite tunes .
1003420127.jpg| 4| Five people are sitting in a circle with instruments .",Multiple
1010031975,Multiple/1010031975.jpg,"1010031975.jpg| 0| Five men , uniformly dressed in white shirts , tie and black slacks converse at the back of an open van .
1010031975.jpg| 1| small group of 5 white males in white suits hanging out by the back of a van in a parking lot talking .
1010031975.jpg| 2| Five men in white short-sleeved shirts and ties stand in a parking lot .
1010031975.jpg| 3| A group of men wearing ties talk while standing on the street .
1010031975.jpg| 4| Colleges stop to take a break from there business meetings .",Multiple
1011572216,Multiple/1011572216.jpg,"1011572216.jpg| 0| bride and groom walking side by side out of focus on pathway next to brick building .
1011572216.jpg| 1| A beautiful bride walking on a sidewalk with her new husband .
1011572216.jpg| 2| A recently married couple pose for the camera .
1011572216.jpg| 3| A groom and bride are standing arm in arm .
1011572216.jpg| 4| A couple getting married .",Multiple
1013536888,Multiple/1013536888.jpg,"1013536888.jpg| 0| Women are seated at a picnic table eating , while a man in a white t-shirt and a yellow and orange balloon design on his head stands in the background .
1013536888.jpg| 1| An elderly woman is eating a burger while the man next to her touching his hat .
1013536888.jpg| 2| A man with a balloon hat and people eating outdoors at picnic tables .
1013536888.jpg| 3| Two older women sit at a table with two coolers in front of them .
1013536888.jpg| 4| A gray-haired person with glasses enjoys a sandwich .",Multiple
1016626169,Multiple/1016626169.jpg,"1016626169.jpg| 0| Man on scooter attracts attention from some of those in large crowd .
1016626169.jpg| 1| A crowd is standing and waiting for the green light .
1016626169.jpg| 2| People stop and look at an older woman outside .
1016626169.jpg| 3| A crowd of people waiting to cross a street .
1016626169.jpg| 4| A crowd of people waiting for the light .",Multiple
1021439420,Multiple/1021439420.jpg,"1021439420.jpg| 0| two guys sitting on the floor , with the guy in the green jacket reading a piece of paper .
1021439420.jpg| 1| A elderly father and his grown son are preparing for a camping trip in the wild .
1021439420.jpg| 2| Two men sit on the floor with camping equipment .
1021439420.jpg| 3| Two men sitting on their living floor .
1021439420.jpg| 4| Two guys sorting through some items .",Multiple
1024613706,Multiple/1024613706.jpg,"1024613706.jpg| 0| Two young men and a young lady walk through a field near the water .
1024613706.jpg| 1| Three people walking through a beautiful meadow towards the ocean .
1024613706.jpg| 2| Two men and a woman are walking through a field .
1024613706.jpg| 3| Two males and one female walking on a path .
1024613706.jpg| 4| Three people walking on a path in a meadow .",Multiple
1028982826,Multiple/1028982826.jpg,"1028982826.jpg| 0| Two men , one younger guy with a yellow shirt that has luggage and the other and older guy , are sitting on a bench in front of a large building that has a billboard for glasses and sunglasses .
1028982826.jpg| 1| A man in a yellow shirt , with a tall gray suitcase , sitting next to another man in a white shirt and gray pants , behind them a tall billboard for sunglasses and prescription glasses .
1028982826.jpg| 2| Two men sitting on a bench talking , with a billboard advertisement for glasses in the background .
1028982826.jpg| 3| Two men sitting on a bench in front of a sign with a picture of man and a lady .
1028982826.jpg| 4| 2 men are sitting at a bench outside the airport in front of a billboard .",Multiple
10082347,Solo/10082347.jpg,"10082347.jpg| 0| Young blond man in a blue and yellow jacket smiling while standing in front of a net .
10082347.jpg| 1| A young man in a black and yellow jacket is gazing at something and smiling .
10082347.jpg| 2| A young man holding a pole vault looks determined .
10082347.jpg| 3| A man is holding a pole and smiling .
10082347.jpg| 4| A smiling man looking at the sky .",Solo
10082348,Solo/10082348.jpg,"10082348.jpg| 0| A man with a baseball cap and black jacket stands in a bathroom while holding a coffee mug .
10082348.jpg| 1| A man is wearing a ball cap and holding a coffee cup between to urinals .
10082348.jpg| 2| a man is posing next to a urinal with a cup of coffee .
10082348.jpg| 3| A man holds a coffee cup while in the bathroom .
10082348.jpg| 4| A man standing at a urinal with a coffee cup .",Solo
10090841,Solo/10090841.jpg,"10090841.jpg| 0| A man with black hair sits in a restaurant with a glass of beer .
10090841.jpg| 1| A man is sitting at a table with a drink .
10090841.jpg| 2| A man is sitting at a table with a beer .
10090841.jpg| 3| A dark-haired man sitting drinking .
10090841.jpg| 4| A old man having a beer alone .",Solo
10160966,Solo/10160966.jpg,"10160966.jpg| 0| A barefooted man wearing olive green shorts grilling hotdogs on a small propane grill while holding a blue plastic cup .
10160966.jpg| 1| A guy in shorts and a white t-shirt sits on the ground in front of a grill with hotdogs on it .
10160966.jpg| 2| A young man in sunglasses holds a blue cup next to a grill with sausages .
10160966.jpg| 3| A young man , wearing a white shirt , prepares hotdogs on a small grill .
10160966.jpg| 4| A man is holding his cup while he grills hotdogs .",Solo
10188041,Solo/10188041.jpg,"10188041.jpg| 0| A man in a black coat walks past a red spaceship with a parking ticket stuck to its window .
10188041.jpg| 1| A man is standing in front of a small red object that looks like a plane .
10188041.jpg| 2| A man wearing a black jacket is walking towards the street .
10188041.jpg| 3| A man in a black jacket is moving towards a street .
10188041.jpg| 4| Man in black coat examining airplane nose .",Solo
100207720,Solo/100207720.jpg,"100207720.jpg| 0| A young woman with dark hair and wearing glasses is putting white powder on a cake using a sifter .
100207720.jpg| 1| A lady in a black top with glasses is sprinkling powdered sugar on a bundt cake .
100207720.jpg| 2| A woman wearing glasses sprinkles powdered sugar onto her bundt cake .
100207720.jpg| 3| Girl in black jacket sifting powdered sugar over a chocolate cake .
100207720.jpg| 4| A standing woman holds a pan over a cake .",Solo
100444898,Solo/100444898.jpg,"100444898.jpg| 0| A person in gray stands alone on a structure outdoors in the dark .
100444898.jpg| 1| A large structure has broken and is laying in a roadway .
100444898.jpg| 2| A man in a gray coat is standing on a washed out bridge .
100444898.jpg| 3| A man stands on wooden supports and surveys damage .
100444898.jpg| 4| A man in a jacket and jeans standing on a bridge .",Solo
100759042,Solo/100759042.jpg,"100759042.jpg| 0| Young man in jacket holding a toothpick with something on the end of it
100759042.jpg| 1| A young man traveling on bus with a piece of flower in his hands .
100759042.jpg| 2| A teen holding an unknown object for photographers .
100759042.jpg| 3| A young man on a train holds an origami crane .
100759042.jpg| 4| You know i am looking like Justin Bieber .",Solo
101471792,Solo/101471792.jpg,"101471792.jpg| 0| A man with a red jacket is shielding himself from the sun trying to read a piece of paper .
101471792.jpg| 1| a man wearing a red coat is outside with his hand over his head to block out the sun .
101471792.jpg| 2| A man in a red jacket shades the sun from his eyes on a busy street .
101471792.jpg| 3| An elderly man in a red jacket shielding his face from the sun .
101471792.jpg| 4| Man in red jacket shielding face from the sun to read .",Solo
101859883,Solo/101859883.jpg,"101859883.jpg| 0| a woman with a red jacket and headscarf looks out over a scenic view of a bay through a set of pay binoculars on a viewing deck .
101859883.jpg| 1| A woman inside a building is wearing a headscarf and looking out of a window through a mounted telescope .
101859883.jpg| 2| Woman in red windbreaker looking though a rooftop binoculars at the city below .
101859883.jpg| 3| A woman in a headscarf uses a telescope to look out over the city and bay .
101859883.jpg| 4| A Woman is looking through a telescope while wearing a red coat .",Solo
102030371,Solo/102030371.jpg,"102030371.jpg| 0| A man wearing a green shirt and a dark colored vest is sitting at a table with a glass of water in front of him .
102030371.jpg| 1| Guy in green shirt with hand covering part of his face in restaurant booth .
102030371.jpg| 2| Man sitting at a table at a restaurant with a glass of water .
102030371.jpg| 3| A man in a green sweater and black vest sitting in a booth .
102030371.jpg| 4| A boy in a green sweater is sitting at a table .",Solo
1000919630,Solo/1000919630.jpg,"1000919630.jpg| 0| A man sits in a chair while holding a large stuffed animal of a lion .
1000919630.jpg| 1| A man is sitting on a chair holding a large stuffed animal .
1000919630.jpg| 2| A man completes the finishing touches on a stuffed lion .
1000919630.jpg| 3| A man holds a large stuffed lion toy .
1000919630.jpg| 4| A man is smiling at a stuffed lion",Solo
1005216151,Solo/1005216151.jpg,"1005216151.jpg| 0| A man in a white t-shirt looks toward the camera surrounded by a crowd near a metro station .
1005216151.jpg| 1| A large crowd of people stand outside in front of the entrance to a Metro station .
1005216151.jpg| 2| A group of people are walking through a city street .
1005216151.jpg| 3| A crowd is portrayed near a metro station .
1005216151.jpg| 4| Crowd standing outside a metro area .",Solo
1021332107,Solo/1021332107.jpg,"1021332107.jpg| 0| An elderly man with facial hair and glasses , standing in his living room holding a hutch cabinet with glass doors .
1021332107.jpg| 1| An older man in a gray shirt with a white long-sleeve shirt under it holding up a small wooden cabinet .
1021332107.jpg| 2| A middle-aged man with a white beard and glasses holds up a small , wooden handmade cabinet .
1021332107.jpg| 3| A man showing off his new wooden creation .
1021332107.jpg| 4| A man with beard carrying a cabinet .",Solo
1021442086,Solo/1021442086.jpg,"1021442086.jpg| 0| A bearded man wearing glasses , a red shirt , and a hat is reading a map while sitting in a car .
1021442086.jpg| 1| A bearded traveler in a red shirt sitting in a car and reading a map .
1021442086.jpg| 2| A man wearing a baseball cap is sitting in a car looking at a map .
1021442086.jpg| 3| a man in a red t-shirt is sitting in a car looking at a map .
1021442086.jpg| 4| A man trying to decipher a map .",Solo
1029450589,Solo/1029450589.jpg,"1029450589.jpg| 0| An adult wearing a gray shirt with red sleeves sleeping on a couch .
1029450589.jpg| 1| A woman in black pants napping on the couch .
1029450589.jpg| 2| A man sleeping in a green room on a couch .
1029450589.jpg| 3| The young woman is sleeping in her room .
1029450589.jpg| 4| A long-haired man sleeping on a couch",Solo
10010052,Sports/10010052.jpg,"10010052.jpg| 0| A girl is on rollerskates talking on her cellphone standing in a parking lot .
10010052.jpg| 1| A trendy girl talking on her cellphone while gliding slowly down the street .
10010052.jpg| 2| A young adult wearing rollerblades , holding a cellular phone to her ear .
10010052.jpg| 3| there is a young girl on her cellphone while skating .
10010052.jpg| 4| Woman talking on cellphone and wearing rollerskates .",Sports
101001624,Sports/101001624.jpg,"101001624.jpg| 0| The "" white out "" conditions of snow on the ground seem to almost obliverate the details of a man dressed for the cold weather in a heavy jacket and red hat riding a bicycle in a suburban neighborhood .
101001624.jpg| 1| A young boy rides a bike down a snow covered road .
101001624.jpg| 2| A boy in the snow riding his bike down the street .
101001624.jpg| 3| A person riding a bike on a snowy road .
101001624.jpg| 4| A person riding a bike in snow .",Sports
101362133,Sports/101362133.jpg,"101362133.jpg| 0| A young female student performing a downward kick to break a board held by her Karate instructor .
101362133.jpg| 1| Girl about to kick a piece of wood in half while karate instructor holds it
101362133.jpg| 2| A girl kicking a stick that a man is holding in tae kwon do class .
101362133.jpg| 3| A girl in karate uniform breaking a stick with a front kick .
101362133.jpg| 4| A girl breaking boards by using karate .",Sports
101362650,Sports/101362650.jpg,"101362650.jpg| 0| Two people are demonstrating martial arts to a crowd and jumping over three youngsters who are crouched on the mat .
101362650.jpg| 1| A boy jump kicking over three kids kicking wood during a tae kwon do competition .
101362650.jpg| 2| A boy jumps over three other students in a martial arts demonstration .
101362650.jpg| 3| A crowd is watching a group of five martial artists perform .
101362650.jpg| 4| A crowd of people watch a martial arts demonstration .",Sports
101669240,Sports/101669240.jpg,"101669240.jpg| 0| A person wearing skis looking at framed pictures set up in the snow .
101669240.jpg| 1| A man in a hat is displaying pictures next to a skier in a blue hat .
101669240.jpg| 2| A man skis past another man displaying paintings in the snow .
101669240.jpg| 3| A skier looks at framed pictures in the snow next to trees .
101669240.jpg| 4| Man on skis looking at artwork for sale in the snow",Sports
102455176,Sports/102455176.jpg,"102455176.jpg| 0| an ice climber in a blue jacket and black pants is scaling a frozen ice wall .
102455176.jpg| 1| A person in blue and red ice climbing with two picks .
102455176.jpg| 2| A man uses ice picks and crampons to scale ice .
102455176.jpg| 3| An ice climber scaling a frozen waterfall .
102455176.jpg| 4| Climber climbing an ice wall",Sports
102617084,Sports/102617084.jpg,"102617084.jpg| 0| Five snowmobile riders all wearing helmets and goggles line up in a snowy clearing in a forest in front of their snowmobiles ; they are all wearing black snow pants and from left to right they are wearing a black coat , white coat , red coat , blue coat , and black coat .
102617084.jpg| 1| Five people wearing winter jackets and helmets stand in the snow , with snowmobiles in the background .
102617084.jpg| 2| Five people wearing winter clothing , helmets , and ski goggles stand outside in the snow .
102617084.jpg| 3| A group of snowmobile riders gather in the snow .
102617084.jpg| 4| Group gathered to go snowmobiling .",Sports
1001545525,Sports/1001545525.jpg,"1001545525.jpg| 0| Two men in Germany jumping over a rail at the same time without shirts .
1001545525.jpg| 1| Two youths are jumping over a roadside railing , at night .
1001545525.jpg| 2| Boys dancing on poles in the middle of the night .
1001545525.jpg| 3| Two men with no shirts jumping over a rail .
1001545525.jpg| 4| two guys jumping over a gate together",Sports
1001573224,Sports/1001573224.jpg,"1001573224.jpg| 0| Five ballet dancers caught mid jump in a dancing studio with sunlight coming through a window .
1001573224.jpg| 1| Ballet dancers in a studio practice jumping with wonderful form .
1001573224.jpg| 2| Five girls are leaping simultaneously in a dance practice room .
1001573224.jpg| 3| Five girls dancing and bending feet in ballet class .
1001573224.jpg| 4| A ballet class of five girls jumping in sequence .",Sports
1015712668,Sports/1015712668.jpg,"1015712668.jpg| 0| A man in a red long-sleeved shirt bikes over a body of water on a bridge .
1015712668.jpg| 1| A man riding his bike across the bridge that is over the river .
1015712668.jpg| 2| A man in red on a bicycle rides past a glass structure .
1015712668.jpg| 3| Man in a red shirt riding his bicycle around water .
1015712668.jpg| 4| A man in a red shirt rides his bicycle .",Sports
1016887272,Sports/1016887272.jpg,"1016887272.jpg| 0| Several climbers in a row are climbing the rock while the man in red watches and holds the line .
1016887272.jpg| 1| Seven climbers are ascending a rock face whilst another man stands holding the rope .
1016887272.jpg| 2| A group of people are rock climbing on a rock climbing wall .
1016887272.jpg| 3| A group of people climbing a rock while one man belays
1016887272.jpg| 4| A collage of one person climbing a cliff .",Sports
1017675163,Sports/1017675163.jpg,"1017675163.jpg| 0| A young gymnast , jumps high in the air , while performing on a balance beam .
1017675163.jpg| 1| A woman wearing an orange leotard doing gymnastics in front of an audience .
1017675163.jpg| 2| A gymnast performing on the balance beam in front of an audience .
1017675163.jpg| 3| The young gymnast 's supple body soars above the balance beam .
1017675163.jpg| 4| A gymnast is performing on the balance beam .",Sports
1021293940,Sports/1021293940.jpg,"1021293940.jpg| 0| Two men are hiking in a forest where snow is partially covering the ground .
1021293940.jpg| 1| Two men hiking in the snowy wilderness .
1021293940.jpg| 2| Two hikers resting by a patch of snow .
1021293940.jpg| 3| Two men look up while hiking .
1021293940.jpg| 4| Two men hiking in the snow .",Sports
1027211271,Sports/1027211271.jpg,"1027211271.jpg| 0| A young woman with short blond-hair wearing jeans and a striped long-sleeved sweater jumping in midair on a skateboard with trees in the background .
1027211271.jpg| 1| A young man is in midair while skateboarding at a skate park with people watching him in the background .
1027211271.jpg| 2| This person is performing a trick in skateboarding competition , with people watching in the background .
1027211271.jpg| 3| A boy jumps on his skateboard while a crowd watches
1027211271.jpg| 4| Someone skateboarding at a skate park .",Sports
1028205764,Sports/1028205764.jpg,"1028205764.jpg| 0| A man and a little boy in blue life jackets are rowing a yellow canoe .
1028205764.jpg| 1| A man and a baby are in a yellow kayak on water .
1028205764.jpg| 2| A man and child kayak through gentle waters .
1028205764.jpg| 3| A man and young boy ride in a yellow kayak .
1028205764.jpg| 4| Man and child in yellow kayak",Sports
10002456,Working/10002456.jpg,"10002456.jpg| 0| Several men in hard hats are operating a giant pulley system .
10002456.jpg| 1| Workers look down from up above on a piece of equipment .
10002456.jpg| 2| Two men working on a machine wearing hard hats .
10002456.jpg| 3| Four men on top of a tall structure .
10002456.jpg| 4| Three men on a large rig .",Working
10101477,Working/10101477.jpg,"10101477.jpg| 0| Man wearing a blue and white outfit , holding a broom , with a traditional Asian architecture in the background .
10101477.jpg| 1| A Asian man wearing a white top and baby blue bottoms is using a broom to remove the dirt of the pavement .
10101477.jpg| 2| A man in a white and blue kimono is using a broom to sweep pavement .
10101477.jpg| 3| Man sweeping the street outside .
10101477.jpg| 4| Asian man sweeping the walkway .",Working
100577935,Working/100577935.jpg,"100577935.jpg| 0| A man with a goatee in a black shirt and white latex gloves is using a tattoo gun to place a tattoo on someone 's back .
100577935.jpg| 1| A man is putting a tattoo on a another 's man upper back .
100577935.jpg| 2| A man with a black shirt giving another man a tattoo .
100577935.jpg| 3| A man is putting tattoo on his back .
100577935.jpg| 4| A man getting a tattoo on his back .",Working
100652400,Working/100652400.jpg,"100652400.jpg| 0| A man in a blue hard hat and orange safety vest stands in an intersection while holding a flag .
100652400.jpg| 1| A man wearing a hard hat and a caution vest is standing in the street waving an orange flag .
100652400.jpg| 2| A man in bright vest and hard hat holds a flag on a street corner covered in spray paint
100652400.jpg| 3| A construction worker is standing in the street and holding a red flag .
100652400.jpg| 4| A man wearing a reflective vest and a hard hat holds a flag in the road",Working
100716317,Working/100716317.jpg,"100716317.jpg| 0| A person with long gray hair has a beret with beige and white wearing a blue raincoat is painting a marketplace scenery surrounded by other artists and paintings .
100716317.jpg| 1| A person dressed in a blue coat is standing in on a busy sidewalk , studying painting of a street scene .
100716317.jpg| 2| A person with gray hair is painting in a public place surrounded by others who are also painting .
100716317.jpg| 3| Lady in blue coat with white and brown hat standing in front of a painting .
100716317.jpg| 4| Passerby admiring painting at an outdoor art fair .",Working
102351840,Working/102351840.jpg,"102351840.jpg| 0| A man is drilling through the frozen ice of a pond .
102351840.jpg| 1| A person in the snow drilling a hole in the ice .
102351840.jpg| 2| A person standing on a frozen lake .
102351840.jpg| 3| A man drilling a hole in the ice .
102351840.jpg| 4| Two men are ice fishing .",Working
102520526,Working/102520526.jpg,"102520526.jpg| 0| A man in black attire shovels snow into the street , disregarding all public safety .
102520526.jpg| 1| Man in black jacket gray snow cap , shovels snow near a street with cars .
102520526.jpg| 2| A man shoveling snow off the roads and sidewalks in a city .
102520526.jpg| 3| A person is cleaning snow and ice off of a city sidewalk .
102520526.jpg| 4| A man shovels slush of the street .",Working
102860573,Working/102860573.jpg,"102860573.jpg| 0| A construction site on a street with three men working .
102860573.jpg| 1| Two men wearing hard hats are in a construction area .
102860573.jpg| 2| Two men in orange vests work in road construction .
102860573.jpg| 3| Construction workers installing a light post .
102860573.jpg| 4| Workers in orange vests work in a street .",Working
1000344755,Working/1000344755.jpg,"1000344755.jpg| 0| Someone in a blue shirt and hat is standing on stair and leaning against a window .
1000344755.jpg| 1| A man in a blue shirt is standing on a ladder cleaning a window .
1000344755.jpg| 2| A man on a ladder cleans the window of a tall building .
1000344755.jpg| 3| man in blue shirt and jeans on ladder cleaning windows
1000344755.jpg| 4| a man on a ladder cleans a window",Working
1001896054,Working/1001896054.jpg,"1001896054.jpg| 0| A man with reflective safety clothes and ear protection drives a John Deere tractor on a road .
1001896054.jpg| 1| John Deere tractors cruises down a street , while the driver wears easy to see clothing .
1001896054.jpg| 2| A man in a neon green and orange uniform is driving on a green tractor .
1001896054.jpg| 3| A man in a tractor wearing headphones driving down a paved street .
1001896054.jpg| 4| A man driving a John Deere tractor on a main road in the country .
",Working
1003428081,Working/1003428081.jpg,"1003428081.jpg| 0| Two women , both wearing glasses , are playing clarinets and an elderly woman is playing a stringed instrument .
1003428081.jpg| 1| At least four instrumentalists play clarinets and other instruments in a curtained room .
1003428081.jpg| 2| Four women in a living room , three of which are clearly playing a musical instrument .
1003428081.jpg| 3| A bunch of elderly women play their clarinets together as they read off sheet music .
1003428081.jpg| 4| A group of four women , are performing music on their instruments .",Working
1007205537,Working/1007205537.jpg,"1007205537.jpg| 0| A man stands on one foot while holding on to a waste basket .
1007205537.jpg| 1| A man in green pants and blue shirt pushing a cart .
1007205537.jpg| 2| Janitor pushing dolly outside with janitor tools .
1007205537.jpg| 3| A man in green pants walking down the road .
1007205537.jpg| 4| A man in bright pants is pushing a cart .",Working
1009692167,Working/1009692167.jpg,"1009692167.jpg| 0| An officer in a reflective vest stands at the front of his van with his dog .
1009692167.jpg| 1| A trained police dog sits next to his handler in front of the police van .
1009692167.jpg| 2| A security man with his watch dog is looking for something .
1009692167.jpg| 3| A policeman is standing with a German Shepherd dog .
1009692167.jpg| 4| A policeman stops on a street with a search dog .",Working
1010087179,Working/1010087179.jpg,"1010087179.jpg| 0| A tan man with a backwards hat looks at the camera while walking through a factory .
1010087179.jpg| 1| Older man working in a factory not looking too excited about the photograph .
1010087179.jpg| 2| A man in a white shirt and black camp among many machines .
1010087179.jpg| 3| A man with a backwards hat works on machinery .
1010087179.jpg| 4| A man wearing a backwards cap at work .
",Working
1010087623,Working/1010087623.jpg,"1010087623.jpg| 0| A caucasian man wearing a short-sleeved black shirt and a dark-skinned woman wearing a sleeveless dress are working at a conveyor .
1010087623.jpg| 1| A black woman and a white man working in a factory setting packing jars with candles into boxes .
1010087623.jpg| 2| A woman is sorting white tall candles as a man in a green shirt stands behind her .
1010087623.jpg| 3| A warehouse manager assisting an employee .
1010087623.jpg| 4| Two people working on an assembly line .",Working
1010470346,Working/1010470346.jpg,"1010470346.jpg| 0| two men in florescent vests are standing next to parked cars in front of a small building while one of them converses with a driver and a woman on a bike is seen riding by
1010470346.jpg| 1| A man leans into a car to talk to the driver , as a man on a bicycle looks on .
1010470346.jpg| 2| A man on a bicycle watching a row of cars waiting to go through a checkpoint .
1010470346.jpg| 3| A park ranger talking to a tourist .
1010470346.jpg| 4| Two cars are parked outside .",Working
1018148011,Working/1018148011.jpg,1018148011.jpg| 0| A group of people stand in the back of a truck filled with cotton . 1018148011.jpg| 1| Men are standing on and about a truck carrying a white substance . 1018148011.jpg| 2| A group of people are standing on a pile of wool in a truck . 1018148011.jpg| 3| A group of men are loading cotton onto a truck 1018148011.jpg| 4| Workers load sheared wool onto a truck .,Working
1026792563,Working/1026792563.jpg,"1026792563.jpg| 0| A group of woman and children are standing or sitting in front of rows of vegetables .
1026792563.jpg| 1| A group of women are trying to sell their vegetable harvest .
1026792563.jpg| 2| People lay out vegetables on blankets at a street market .
1026792563.jpg| 3| Villagers selling their crops at the market .
1026792563.jpg| 4| These are some very large onions .",Working
